id,text,label,permalink
48616398,OpenMontage: Turn your AI coding assistant into a full video production studio,story,https://news.ycombinator.com/item?id=48616398
48602266,Chrome extension to grey out unwanted videos,show_hn,https://news.ycombinator.com/item?id=48602266
48605650,"Schemic – your database schema, in the Zod API you know I want you to give a look to a tool I have been working on for a while, Schemic. It's a tool that lets you author your database schema in Typescript, you forget about the DDL and just think on your database's native lingo. I'd say the strongest points of the project is that it's a SUPERSET of the popular validation library Zod ( https://zod.dev ), which I'd say shines in representing typescript's type system in code. Schemic wraps it with database-specific flavour (opt-in, for precision) so you can do `s.string()` (zod drop-in, will work",show_hn,https://news.ycombinator.com/item?id=48605650
48617059,Nothing's co-founder says CMF can't build a phone 'at a price that makes sense',story,https://news.ycombinator.com/item?id=48617059
48591453,"Veneerly – See your own face with veneers before you commit I've had more than six consultations with top veneer dentists in NYC, Turkey, and Mexico. All six gave me a different recommendation. Not one of them offered to show me what I'd actually look like with veneers. So I tried ChatGPT, Gemini, and Grok. They all changed my face, and none of them let me compare options to figure out which smile I'd actually want. So I built it myself. Submit a photo and get back ten veneer options in under 60 seconds. Upload as many photos as you want and see how you'd look across different settings, outfit",show_hn,https://news.ycombinator.com/item?id=48591453
48615996,Systemd v261 Released,story,https://news.ycombinator.com/item?id=48615996
48618235,He tried to make RAM Man a new currency in 2011 – how did it go?,story,https://news.ycombinator.com/item?id=48618235
48569970,What is your worst lesson learned from using AI?,ask_hn,https://news.ycombinator.com/item?id=48569970
48610422,Mitos – N-way live copy-on-write fork of running Firecracker microVMs,show_hn,https://news.ycombinator.com/item?id=48610422
48552010,Best Hetzner Alternatives?,ask_hn,https://news.ycombinator.com/item?id=48552010
48617038,"Horcrux – Distributed, Zero-Trust Secret Manager",story,https://news.ycombinator.com/item?id=48617038
48607272,"PHWalls – High-res stock wallpapers from Android and global phone brand A gallery of official system wallpapers from various mobile brands including Samsung, Pixel, Xiaomi, and more. All in 4K resolution.",show_hn,https://news.ycombinator.com/item?id=48607272
48611988,Are people optimistic about the future? Do you think humans in the future in general will be more or less happy than they are now?,ask_hn,https://news.ycombinator.com/item?id=48611988
48548167,"How much better has Fable been at design, really? Hi Hacker News. We all know about the coming and going of Claude Fable. On X/Twitter, I have been seeing a lot of discourse about the great new capabilities it has, specifically for UI and design and game development. However, I suspect a lot of this is really just because we have never tried to attempt this with Claude Opus 4.8. For example, the Three.js scenes I keep on seeing: I feel like they could have been attempted with Opus 4.8 with just a bit more effort and prompting? For example, while Fable created the paper airplanes for my landing",ask_hn,https://news.ycombinator.com/item?id=48548167
48612432,"MiniPCs.zip (charting the pareto frontier of MiniPCs) Quick blogpost [here]( https://luke.zip/posts/pareto-pcs/ ) - the overall idea is to chart out the thousands of Mini PCs by benchmark and reveal the Pareto Front so you can get the most Compute per Dollar. Definitely a labor of love as I have a number of Mini PCs for my ""homelab"" (TrueNAS, piHole, Plex, basic stuff). It uses Gemini to extract specs from listings (since they're not often strongly categorized).",show_hn,https://news.ycombinator.com/item?id=48612432
48600224,"Do you think we have got to the top of the rapid AI breakthroughs? 2024-2025, we saw lots of massive releases with tangible quality changes. To me experience, that hockey stick is no longer there for releases since the beginning of this year. Is AI hitting a bottleneck now?",ask_hn,https://news.ycombinator.com/item?id=48600224
48616437,CL-BBS: the schemeBBS-like textboard rewritten in Common Lisp,story,https://news.ycombinator.com/item?id=48616437
48617412,"China unveils a portable anti-drone laser that can down drones from 1,600ft away",story,https://news.ycombinator.com/item?id=48617412
48536482,"Data source used for training Anthropic's Mythos? This question came up from a tangential discussion. Some one was asking suggestions about systems architecture. I suggested them to look into RCA (root cause analysis) for some big scale failures. Hard part is to find this kind of data publicly. This prompted the question about the data source for Mythos/Fable training. The security bugs reports, fixes are somewhat of a sensitive private collections. I did check the documentation from Anthropic on this, it only mentions the usage of publicly accessible data. Any ideas how Anthropic would have g",ask_hn,https://news.ycombinator.com/item?id=48536482
48599359,"SEO Audit and Backlink Monitoring. All-in-One Platform SeLinkPro combines a full-site technical audit (4xx/5xx, broken links, missing tags, indexing blockers) with automated backlink monitoring, bulk indexation checks, and domain metric analysis. One platform. Complete SEO control.",show_hn,https://news.ycombinator.com/item?id=48599359
48596213,"UAVs FYI – Drone database with supply chain data, API and CLI Hi HN community, I want to share my UAV/drone database. I made this because have been tired to be asked about who makes it, where it""s made and who using Ardupilot. How it works: Just browse it. And if you want to put the info into your LLM, use API and CLI feature. Important: All the information is not classfied. It is sourced from public (web-pages, news, reports) and kind contributor from a research company. Kind feedback is very welcome!",show_hn,https://news.ycombinator.com/item?id=48596213
48597707,ThoughtSapien – An AI tutor that teaches through structured lessons,show_hn,https://news.ycombinator.com/item?id=48597707
48603214,What is the cutting edge research in compilers and PLT? Sort of like what Rust was back in 2012.,ask_hn,https://news.ycombinator.com/item?id=48603214
48596140,Avera – a deterministic check that proves no regression was introduced,show_hn,https://news.ycombinator.com/item?id=48596140
48594855,"Meetup.com login appears to be exceeding its reCAPTCHA Enterprise quota I was trying to log into Meetup today and got this on the login form (preventing me from logging in): ""This site is exceeding reCAPTCHA Enterprise free quota."" https://imgur.com/a/nkVUpTi Is this a common failure mode for large sites using reCAPTCHA Enterprise, or does it suggest a billing/configuration issue?",ask_hn,https://news.ycombinator.com/item?id=48594855
48617264,Geo-engineering to protect against solar storms,story,https://news.ycombinator.com/item?id=48617264
48598279,HackerFlow – Hacker News Client for Android Which Looks Like Reddit,show_hn,https://news.ycombinator.com/item?id=48598279
48618332,Local Inference,story,https://news.ycombinator.com/item?id=48618332
48615953,"The videogame market is as big as ever, with PC leading growth [pdf]",story,https://news.ycombinator.com/item?id=48615953
48611857,Tiny – An interpeted dynamic langauge with inline Go native functions,show_hn,https://news.ycombinator.com/item?id=48611857
48615877,"I made an AI video of alexpotato's comment about his stockbroker dad Link to the comment: https://news.ycombinator.com/item?id=48302991 Sorry I made your dad bald... he was bald, right?",show_hn,https://news.ycombinator.com/item?id=48615877
48607670,"F1l0 – Fitness Logger I build this self-hostable, PWA-ready fitness tracking app. This is less about the app itself, there are probably dozens of them out there. This is more about me being fascinated about the idea of ""personal apps"": AI enables us to just build something that perfectly fits our indivual requirements - like a tailor-made suit. None of the apps I know matched my requirements, some of them come with a subscription, some required an account. So I build F1L0. It would even work as a static HTML page with no backend services - like on GH Pages. I just needed a backend to add synch",show_hn,https://news.ycombinator.com/item?id=48607670
48596731,I built a Wu-Tang name generator (wutangname.online),show_hn,https://news.ycombinator.com/item?id=48596731
48619005,AI Under Trump's Control: Can France Still Avoid Digital Dependence?,story,https://news.ycombinator.com/item?id=48619005
48535569,"CoCoMS (Construction Correspondence Management System) I released yesterday version 2 of CoCoMS, a F/OSS licensed (GNU GPL) Laravel PHP document management app. CoCoMS is a modern Laravel 12 application for managing construction project correspondence, documents, and communications. It provides role-based access control, file management, full-text search, and organized tagging of documents. Why CoCoMS came to life? Simply because I wanted to scratch an itch! I wanted to create a simple yet powerful web-based document management system specifically for the management of correspondence generated",ask_hn,https://news.ycombinator.com/item?id=48535569
48574894,"At what point does AI regulation lead to confiscation of compute? With everything going on lately regarding AI policy, and the cat already being out of the bag with AI systems that can run on feasibly obtainable personal compute, at what point do things tip over governments confiscating said compute in order to enforce a certain regulatory goal? Today's regulation is mostly targeted at frontier labs, hyperscalers, chip makers, etc. But if compute is the choke point, and things are getting more efficient, where is the limiting principle ""on the way down""? At what point do registration, licensng",ask_hn,https://news.ycombinator.com/item?id=48574894
48618170,Are You a Workaholic? I know I am. I need to chill. Sloth bad but the opposite too.,ask_hn,https://news.ycombinator.com/item?id=48618170
48596135,Build yor form back end infrastrture under 30sec Build yor form backend infrastrture under 30sec formdb.io,ask_hn,https://news.ycombinator.com/item?id=48596135
48592447,I built a multiplayer dominoes game,show_hn,https://news.ycombinator.com/item?id=48592447
48619207,Performance Improvements in Libffi,story,https://news.ycombinator.com/item?id=48619207
48619398,Remote Exec Server using only Python stdlib,show_hn,https://news.ycombinator.com/item?id=48619398
48619311,"What's your go-to queue system? Hello, I am building a new product and need to have a robust queue system but I'm not sure what product to choose. I've worked in Amazon before and usually AWS tools are the default go-to but in my own time for small project I've used things like: https://github.com/hibiken/asynq for basic tasks. My concern with the above is that it's still in ""early"" development; from their README: ``` Status: The library relatively stable and is currently undergoing moderate development with less frequent breaking API changes. Important Note: Current major version is zero (v0.",ask_hn,https://news.ycombinator.com/item?id=48619311
48617710,The stuff nobody tells you about startup marketing,story,https://news.ycombinator.com/item?id=48617710
48573190,"Successful entrepreneurs and indie hackers, enlighten me Successful entrepreneurs and indie hackers, I'm curious about where your best idea(s) came and what your own path looks like. - I just turned 18 and finished school and I'm about to get into a university for engineering in Greece. - I have some pressure for inside to build wealth despite not needing it to survive. - I have many interests including programming, spearfishing, financial markets, computing, building in general (software and/or hardware). I have a large list of pain points, ideas, things missing from the world (~500 items) wi",ask_hn,https://news.ycombinator.com/item?id=48573190
48585391,"How do you decide what goes in a changelog vs. internal notes? Do you have a rule of thumb for this? Does anyone on your team own this decision, or does it fall to whoever writes the release?",ask_hn,https://news.ycombinator.com/item?id=48585391
48616674,Governing AI-agent actions via a network intent layer (NILScript),story,https://news.ycombinator.com/item?id=48616674
48592531,"How are you managing MCP servers across a team? I'm the CTO of a small NGO (10 people, 3 devs). Each person has an account with one of the leading AI companies. I'm looking for an easy, reliable and cheap way to allow them to connect to external MCP servers without having the hassle of setting everything up. What I want is a simple MCP server that I can show them how to connect, which aggregates access to multiple MCP servers I configure (Slack, Google Drive, Asana, and others). Kind of an ""MCP Gateway"". I tried: * Pipedream.com: Great to aggregate multiple MCP servers in one, but doesn't seem",ask_hn,https://news.ycombinator.com/item?id=48592531
48553222,"Do you tend to follow the rules that suppliers made? Recently, I surfed the internet and found some strange codes in here(https://docs.antora.org/antora/latest/install-and-run-quickstart/#install-antora). ```sh node -e ""fs.writeFileSync('package.json', '{}')"" && npm i -D -E antora ``` It was weird to me. NPM introduce `npm init`(https://docs.npmjs.com/creating-a-package-json-file), not `node -e` things. So I committed(https://gitlab.com/antora/antora/-/merge_requests/1136) and wait for responses. But the maintainer rejected my commit and said: > I'm aware of npm init and we don't recommend it",ask_hn,https://news.ycombinator.com/item?id=48553222
48617323,CTOs Agree: Cognitive Debt Is the New Technical Debt,story,https://news.ycombinator.com/item?id=48617323
48608715,"Acton – A Better Term for the Observer in Quantum Mechanics The standard term ""observer particle"" feels passive, misleading, and incomplete. I propose ACTON as a replacement — an active, irreversible physical interaction that permanently stamps non-fungible reality onto the universe. I arrived at this word because I was looking for the point where particles stop being fungible. Protons, neutrons, and electrons are all fungible and essentially recyclable in the universe. An Acton is the moment when these interchangeable particles become part of a unique, localized history. Example: A brand-new",ask_hn,https://news.ycombinator.com/item?id=48608715
48555543,"Why aren't hardware passkeys used for access token creation? So I was thinking, with all these sophisticated attacks on package managers, that I should use a yubikey more. One problem I wanted to solve for myself, is that each morning, open my fine grained access token tab on github, regenerate the key for the gh cli with 1 day expiry. Paste this into my small cli wrapper, and now even if someone gained access to my filesystem, my private key is on the hardware key, my gh cli token will expire shortly. It got me thinking, why isnt there CLI level fido2 support for common AI services and github",ask_hn,https://news.ycombinator.com/item?id=48555543
48619314,"Gsocket Alternative, Hgsocket",story,https://news.ycombinator.com/item?id=48619314
48617605,We Do Not Build for Humans,story,https://news.ycombinator.com/item?id=48617605
48608736,AlphaVibe – AI that reads your DeFi wallet live via DeBank,show_hn,https://news.ycombinator.com/item?id=48608736
48601472,NanoEuler – GPT-2 scale model in pure C/CUDA from scratch,show_hn,https://news.ycombinator.com/item?id=48601472
48609231,"We post-trained a model that pen tests instead of refusing Anthropic and OpenAI's publicly available models are explicitly guard-railed so that they refuse offensive tasks. And their cyber-focussed models are gated for enterprises. This leaves SMEs and mid market open to major vulnerabilities. AI can be used as both an adversarial and defensive tool in the world of cyber. A worst case outcome is if only the adversaries have access. Meanwhile, most existing AI cyber tools are just wrappers. The problem is that they still have all the guardrails on from the foundation model where they will inher",show_hn,https://news.ycombinator.com/item?id=48609231
48593225,AA-Briefcase: a frontier knowledge work evaluation,show_hn,https://news.ycombinator.com/item?id=48593225
48618377,Solvespace Web Version,story,https://news.ycombinator.com/item?id=48618377
48618933,Seems almost every possibly interesting title here is a NAG screen? Need to ban them ...,ask_hn,https://news.ycombinator.com/item?id=48618933
48607644,I'm building a free TradingView alternative,show_hn,https://news.ycombinator.com/item?id=48607644
48619085,Kansas City's push for facial recognition on public buses sparks privacy debate,story,https://news.ycombinator.com/item?id=48619085
48618885,Android developer verification: Building a safer ecosystem together,story,https://news.ycombinator.com/item?id=48618885
48559933,"What's your multi-agent orchestration setup, and success rate with it? Has anyone tried setting up agent profiles like Architect, Principal Engineer, QA, Tester, PM, etc?",ask_hn,https://news.ycombinator.com/item?id=48559933
48548780,As a potential bug bounty hunter need an advice from bounty hunting veterans so my question is what kind of right bounty is suitable for me? as a beginner like what kind of vulnerability I should chose and what my first bounty should be thank you im researching at this.,ask_hn,https://news.ycombinator.com/item?id=48548780
48615909,He made your free video player run smoothly. Now he's doing that for robots,story,https://news.ycombinator.com/item?id=48615909
48607047,"Self-hostable academic paper manager (linxiv) Hi all, I wanna show off and ask for feedback on my project linXiv, this started as auto-tagging knowledge graph mini-project, is now a ""full-stack"" research tool for storing and managing academic papers, locally, It fetches papers by arXiv ID or search, stores everything in sqllite. I just finished my Master's and while waiting to hear back from jobs and PhD programs I wanted to build something of my own for once. Because I usually try to find the newest version of a paper on arXiv first, I chose to make linXiv treat arXiv as the primary source to",show_hn,https://news.ycombinator.com/item?id=48607047
48618275,How do you trick your brain into avoiding impulse purchases?,story,https://news.ycombinator.com/item?id=48618275
48601945,Pragmatiq – open-source framework for foundational models in banking,show_hn,https://news.ycombinator.com/item?id=48601945
48619159,Crawling BitTorrent DHTs for Fun and Profit [pdf],story,https://news.ycombinator.com/item?id=48619159
48592083,Are companies still hiring data scientists?,ask_hn,https://news.ycombinator.com/item?id=48592083
48617397,MCP server that lets Claude click menus on your Mac and fix its own mistakes,story,https://news.ycombinator.com/item?id=48617397
48590400,Browser calls with live translation in the speaker's cloned voice,show_hn,https://news.ycombinator.com/item?id=48590400
48594020,Mrs-Hybride-PQC – Hybrid Kyber1024 KEM 5-6x Faster Than HKDF-SHA256,show_hn,https://news.ycombinator.com/item?id=48594020
48618411,Why do sports stadiums have different names for the World Cup? Here's the reason,story,https://news.ycombinator.com/item?id=48618411
48618371,Developer ends Fornjot (CAD kernel) development,story,https://news.ycombinator.com/item?id=48618371
48537424,Should AI be used at all as a total beginner? I aspire to be a game developer or hardware engineer. Life has been rocky because of my undiagnosed ADHD (currently in the process of getting a treatment for it) and trying to get my highschool diploma but now I wish to start my journey into making games or tinkering with hardware. A problem keeps nagging at the back of my mind though.. Should AI be used at the beginning stages of learning programming? I try to remain neutral in most cases when I don't know something concretely but the more I venture into this landscape of AI & try to understand it,ask_hn,https://news.ycombinator.com/item?id=48537424
48602312,Kivvy – Divvy/Magnet-style window snapping for KDE Plasma,show_hn,https://news.ycombinator.com/item?id=48602312
48616819,I built a real-time trading platform with an AI; then the clock started lying,story,https://news.ycombinator.com/item?id=48616819
48617776,"There are only two file formats, txt and zip (explainer)",story,https://news.ycombinator.com/item?id=48617776
48606186,AgentArk – open-source self-hosted AI agent OS,show_hn,https://news.ycombinator.com/item?id=48606186
48553916,"What have you used natural language identification tools for? I am curious about real world use cases for natural language identification. If you have used language ID tools before, what was your use case? I would like to hearing about: - How much text/data you were dealing with - What tools or libraries you used - Whether the result was good enough in production or only for preprocessing - If the performance, speed, of the tool was a problem - Any common problems you ran into",ask_hn,https://news.ycombinator.com/item?id=48553916
48609624,Publish ChatGPT/Claude HTML output to a shareable link in one click,show_hn,https://news.ycombinator.com/item?id=48609624
48604403,Ratchet – let an AI agent reflash your BIOS over a CH341A (MCP server),show_hn,https://news.ycombinator.com/item?id=48604403
48608657,Lelu – authorization engine that catches manipulated AI agents,show_hn,https://news.ycombinator.com/item?id=48608657
48609955,Why SF? Why not India? UK? Or anywhere else?,ask_hn,https://news.ycombinator.com/item?id=48609955
48600117,Hypothesis is all you need AI generates code. Humans generate hypotheses. Hypothesis is all you need. Everything else can be automated.,ask_hn,https://news.ycombinator.com/item?id=48600117
48607196,An online crate digging tool to discover music you can buy and stream,show_hn,https://news.ycombinator.com/item?id=48607196
48617941,Retrocomputing with Clash – Haskell for FPGA Hardware Design,story,https://news.ycombinator.com/item?id=48617941
48550327,"Is CPU design hitting a (soft) speed limit? I'm not in the hardware industry, and am curious what the future might hold. We've been stuck in the 3-5 Ghz range for a long time. I think we're scaling by adding cache, cores, and specialized instructions. Due to observations like Amdahl's Law, PC hobbyists aren't seeing great returns on new machines. We've had 8+ logical cores for a long time now. The physical size of gates in the CPU is getting very difficult and costly for companies to shrink further. We are approaching a scale where more quantum effects are at play, and there is actually a ""min",ask_hn,https://news.ycombinator.com/item?id=48550327
48595300,"Is anyone else leaving AUR? I'm spending a lot of my time removing AUR packages for alternatives in the official Archlinux repositories. I've shifted from Dropbox to RClone, from acpilight to brightnessctl, from spotify to spotify-launcher and so on. Has anyone else having the same trust problem? Also, how do you stay updated with the situation? I work in a corporate environment and malware is a no-go.",ask_hn,https://news.ycombinator.com/item?id=48595300
48589336,1pager: Fixing the AI verbosity problem,show_hn,https://news.ycombinator.com/item?id=48589336
48542100,"Has anyone replaced Claude/GPT with a local model for daily coding? Has anyone here fully swapped Claude/GPT for a local model as their main coding tool, not just for side experiments? If so, please share your setup and performance (e.g tok/s)",ask_hn,https://news.ycombinator.com/item?id=48542100
48572080,"Does it make sense to buy Mac Studio and run local models? Considering it has again been proved with Fable that building your own business success dependent on other people's platforms is very risky, would you consider building your own stack? Perhaps not for coding, but for research and other tasks? If so, what combination of models could be the sweet spot?",ask_hn,https://news.ycombinator.com/item?id=48572080
48547749,Why did you open source your project?,ask_hn,https://news.ycombinator.com/item?id=48547749
48567486,DShow HN: AI Bible reader with multiple denominational views on contested topics,ask_hn,https://news.ycombinator.com/item?id=48567486
48618530,Backtest Is Lying to You,story,https://news.ycombinator.com/item?id=48618530
48618677,Secure Boot certificate changes in 2026: Guidance for RHEL environments,story,https://news.ycombinator.com/item?id=48618677
48618773,I made a social accountability app to make me ship,show_hn,https://news.ycombinator.com/item?id=48618773
48600558,"No-install, end-to-end encrypted HTML artifact sharing for agents Just built this, found it useful to share things like html plans. No install required, just ask your agent to ""share the doc using curl -s askhuman.app"" and it will receive the instructions. You'll get back a link with a key in the url fragment (server never sees this).",show_hn,https://news.ycombinator.com/item?id=48600558
48594782,Sakha – An AI employee – onboarding tool for businesses,show_hn,https://news.ycombinator.com/item?id=48594782
48571088,"Clone any fashion video with AI Mohit here, cofounder of Clone. We help fashion brands clone any viral reel/tiktok 1:1, with their products, and an AI model. Here's a quick demo of the results: https://www.youtube.com/shorts/91vXGTqe6Os?feature=share Why we built this? Current methods to create AI first videos are messy. They do help you create an AI video, but the video isn't engaging. Main reasons being: 1. Making it via text to video has its own set of randomness. 2. If you're making it by animating keyframes, it gets super painful to create those keyframes for every segment, and then anima",ask_hn,https://news.ycombinator.com/item?id=48571088
48618690,Taste turns your Git history into enforceable coding judgment,story,https://news.ycombinator.com/item?id=48618690
48602531,Jumpjet – a WASM runtime for game developers I built Jumpjet because I realized that engine and indie game developers are always repeating the same work: building the core infrastructure that touches the OS. Webassembly solves this in the Component Model by enabling interop between packages written in different languages. And in my opinion it's sort of the perfect fit for Jumpjet's model: providing a chassis without an engine. Jumpjet works by defining a very close mapping of WebGPU (and a few other WebIDL features) to WIT so that they can be used in any language that can target the wasm Compo,show_hn,https://news.ycombinator.com/item?id=48602531
48604232,Will programmers write more efficient code during the memory shortage? Maybe there will even be more interest in the invention and use of more advanced algorithms and data structures that use less memory?,ask_hn,https://news.ycombinator.com/item?id=48604232
48618842,Production Is a Compiler Input,story,https://news.ycombinator.com/item?id=48618842
48617387,Softmax-free ~354M: tile-skip kernels for long-context VRAM savings (sparse),story,https://news.ycombinator.com/item?id=48617387
48615890,"The Lost Story of Alan Turing's ""Delilah"" Project (2025)",story,https://news.ycombinator.com/item?id=48615890
48615993,SUV buyers undeterred by warnings of risk to pedestrians,story,https://news.ycombinator.com/item?id=48615993
48616017,The 100k Whys of AI,story,https://news.ycombinator.com/item?id=48616017
48568662,"Need a Co-Founder I need a co-founder, Im making a controversial startup that most probably will boom. I need someone how knows how to code or anyone willing to show support!",ask_hn,https://news.ycombinator.com/item?id=48568662
48594310,Iamspeed.dev – Fast.com Style but for LLMs,show_hn,https://news.ycombinator.com/item?id=48594310
48617983,Shall We? – A pre-engineering sanity check for AI-era feature bloat,story,https://news.ycombinator.com/item?id=48617983
48612758,"Do you use Claude Code, Codex, or something else? Do you use Claude Code, Codex, or a different vibe coding/agentic engineering tool for most of your work? Why?",ask_hn,https://news.ycombinator.com/item?id=48612758
48600226,Leadmux – A Lead Generation Platform I built this internally for myself to start a leadgen company but saw that it might be useful to others. It's not just a form / form builder. There is: - built in analytics - email / phone validation - integrations to send leads somewhere - fast load times - complex routing options Would love to hear your feedback.,show_hn,https://news.ycombinator.com/item?id=48600226
48546618,"Anthropic pauses credit change for Claude Code Quoting from an email they sent: Hi Fabian, In May, we sent you an email announcing that starting today, the Claude Agent SDK, claude -p, and third-party apps built on the Agent SDK would stop drawing from subscription rate limits and move to a dedicated monthly credit. We're writing to let you know that we’re not making this change today. We’re working to update the plan to better support how users build with Claude subscriptions. What this means for you Nothing changes for now. Agent SDK, claude -p, and third-party app usage continues to work wi",ask_hn,https://news.ycombinator.com/item?id=48546618
48607760,"Microcosm – a substrate AI coding agents read to orient before acting I'm Will, 22, an econ undergrad in the UK. I built this solo in 10 months and I genuinely don't know how to get it in front of people, so I'm going to be honest about what it is and just ask. Microcosm turns a codebase into a substrate an AI coding agent reads to orient itself before it acts, instead of grepping around blind. It also keeps a verifiable record of what the agent actually did, not what it claims it did. The part I care about isn't the feature list, it's the discipline underneath: ground claims in evidence, cali",show_hn,https://news.ycombinator.com/item?id=48607760
48619394,"Fossil Fuels Are 40% of Freight Shipping Tonnage, but Half Its Fuel Use",story,https://news.ycombinator.com/item?id=48619394
48617702,"My package manager have broken and I need help Hello, my OS is OpenSEUS Tumbleweed (be cause it is best OS I have ever never seen) My package manager have broken, and only way to download things is curl And I need links for tools I need it (Don't give me python links) Cheers for understanding For sure I am Aarch64",ask_hn,https://news.ycombinator.com/item?id=48617702
48616639,Indian Households Now Hold Four Times More Gold Than U.S. Official Reserves,story,https://news.ycombinator.com/item?id=48616639
48593007,"How much do you trust LLMs with your health questions? As software engineers, we've definitely seen the best use case for LLMs so far. Coding agents have shown us what these models can do in an area we can actually verify. But lately I've found myself comparing my doctor's notes against LLM answers more and more. Curious how others are using LLMs, and relying on them, for non-engineering stuff.",ask_hn,https://news.ycombinator.com/item?id=48593007
48587808,"What tools are you using for AI-assisted code review? My team (around 40 people who write code) is evaluating tools for AI-assisted code review. The market appears to be rife with options, so before starting a series of free trials, I’d like to ask a knowledgeable crowd. What tools or services are you using? Do you use them just for code review, or for other purposes as well, such as incident response or branch management? Why did you choose them, and what do you like or dislike about them?",ask_hn,https://news.ycombinator.com/item?id=48587808
48595558,"Every independent nation should work on three things first: Building their own AI models second: building the infrastructure data centres, talent pipelines third: chips and third is most important and first and second are most equal ones. Because noone in this world will ever help you out, anthropic denied to be part of war once but when the govt. who allowed you to stay their will ask next time they can't deny and that's what happened with Fable 5, every country should make their own peter thiel and Elon musk else you'll be a silent slave of big tech giants and mainly the companies they're ba",ask_hn,https://news.ycombinator.com/item?id=48595558
48618610,Erasing Existentials,story,https://news.ycombinator.com/item?id=48618610
48550002,"Safety Ideas, and a Testable Path Hello. You don't know me. I know of some of your stories from across the varied aspects of technology, and have followed or many years. I am not a developer. I am not from a computer science background. And I'm not from Silicon Valley. I used to respect Silicon Valley quite a bit. And I've proved about the technology our world is currently suffering at the hands of. Since before, most of the people that had a hand in building it were even alive. Like... Come from a very different background from all of you. I worked in emergency medicine for 17 years of my lif",ask_hn,https://news.ycombinator.com/item?id=48550002
48598823,Can you draw a 3 wheeled bicycle?,show_hn,https://news.ycombinator.com/item?id=48598823
48592529,"PinLeads PinLeads is a lead generation platform for finding business contacts and building prospect lists. Search for businesses, collect contact information, filter results, export leads to CSV, or send them directly into your existing CRM and automation workflows. Website: https://pinleads.org",show_hn,https://news.ycombinator.com/item?id=48592529
48609457,"How to become an AI infrastructure engineer? Hi, I currently work on a GenAI platform for one of the largest local industrial companies. My daily work mostly involves building inference infrastructure on top of a 48x H200 GPU, Kubernetes and vLLM. Hence, I'd say it's 80% SRE and 20% software engineering when it comes to building request routing and internal control planes. Although I have a background in backend engineering rather than ML research or low-level GPU programming, I am trying to understand what I need to learn to become a proper SWE, not just someone who knows how to deploy and se",ask_hn,https://news.ycombinator.com/item?id=48609457
48619048,Prompt Caching: Just do it,story,https://news.ycombinator.com/item?id=48619048
48609379,PatinaTab – Dark mode widget dashboard extension for Chrome/Firefox,show_hn,https://news.ycombinator.com/item?id=48609379
48543969,"How are you enabling your employees to do AI dev in the cloud? Sure, us engineers can Claude Code up a storm locally on our laptops these days. But now with everyone trying to vibe code everything, there's quite a few people that don't have a ""proper"" local dev environment to do that same kind of development. Let's just take running a test suite. Our devs need a pretty beefy environment to run that. So ideally, these environments are just in the cloud. But Claude Code web, is so ""environment lite"" that it really isn't a substitute. Or are you all having Claude Code web install a bunch of depen",ask_hn,https://news.ycombinator.com/item?id=48543969
48600238,OpenTunnel – Run Remote Commands as Local Agent Tool Calls,show_hn,https://news.ycombinator.com/item?id=48600238
48589516,Myco Brain – source-traceable memory for AI agents on your own Postgres,show_hn,https://news.ycombinator.com/item?id=48589516
48608578,"Advent of recorded music is much like a BEC I observe that the advent of recorded music resembles a Bose-Einstein Condensate. Before recorded music, live performance operated like a fluid, high entropy gas phase. Every performance was a localized, unrepeatable wave function–fundamentally moving and unique each performance. The advent of recording technology acted as a quantum cooling mechanism. It trapped the sound waves into a fixed state, collapsing in infinite fluid variations into a single, frozen, identical format of data. When millions of people across the globe listen to the exact same",ask_hn,https://news.ycombinator.com/item?id=48608578
48535760,Lsp85 – an lsp for the Intel 8085 assembly An lsp written for the intel 8085 microprocessor assembly written in rust. https://github.com/shri-acha/lsp85,ask_hn,https://news.ycombinator.com/item?id=48535760
48616265,The Wonderful Walkabouts of Harmen Hoek,story,https://news.ycombinator.com/item?id=48616265
48615814,Student Cheating Is Becoming Impossible to Detect in an A.I. Era,story,https://news.ycombinator.com/item?id=48615814
48618855,An Autism Challenge,story,https://news.ycombinator.com/item?id=48618855
48599576,Captorify – A Better Chrome Screenshot Extension,show_hn,https://news.ycombinator.com/item?id=48599576
48601019,How do you get feedback for beta apps Long story short - building an app in iOS and so far been sharing with friends family and LinkedIn circle to get feedback but often feel like since they know me the reviews are mostly stellar and positive . So where do we get critical feedback. This is going to be a free app so obviously looking for free feedback Is show HN the place? I thought that was for apps in prod!,ask_hn,https://news.ycombinator.com/item?id=48601019
48618111,An AI video prompt cookbook for image-to-video workflows,show_hn,https://news.ycombinator.com/item?id=48618111
48618172,"Chainstack Self-Hosted, hosting your own blockchain nodes made simple Hi HN, Alexey from Chainstack here. We built Chainstack Self-Hosted to package everything we’ve learned from 8+ years of running blockchain nodes into a single control panel. The goal we’re building this product around is to make blockchain infrastructure boring to operate. The software is free to install. You only pay for the infrastructure you run it on. The quickest way to get hands-on with it is through the Vultr Marketplace or one of the other providers listed in the docs. The current release supports Ethereum Mainnet,",show_hn,https://news.ycombinator.com/item?id=48618172
48617879,The Vagabundler Project,story,https://news.ycombinator.com/item?id=48617879
48607172,StayUp – keep a Mac awake (lid closed) while AI agents are working,show_hn,https://news.ycombinator.com/item?id=48607172
48618226,David Ahl's Basic Computer Games Ported to C,story,https://news.ycombinator.com/item?id=48618226
48585476,Best resources for learning how to build a forum back end? I think it would be useful to be able to spin up a forum on a device like an old phone. Are their any available resources out there or similar projects that already exist?,ask_hn,https://news.ycombinator.com/item?id=48585476
48616741,Beast: Inference Economy Inversion in Agentic Coding Systems,story,https://news.ycombinator.com/item?id=48616741
48568372,"Does your mind drift while waiting for AI prompts to finish? I've been a software engineer for 9 years now, and I noticed a very new weirdness in my workflows. Once I finish the architecture of a project and i have my context engineering prompt ready, I hit SEND, and then is just void lol. I have realized that between that time of waiting till AI is done, my mind drifts, I go use other apps, search random stuff and if AI fucks things up I go back and forth supervising it. I feel like this whole experience has generated some kind of fatigue and comes with a lot of cognitive overload. Do you fol",ask_hn,https://news.ycombinator.com/item?id=48568372
48617129,A neuro-adaptive OS concept for energy efficiency and execution-path attestation,story,https://news.ycombinator.com/item?id=48617129
48618555,Robotics Teams Are Rebuilding the Data Stack from Scratch,story,https://news.ycombinator.com/item?id=48618555
48614526,"Rocannon – Any Ansible module to MCP Tool, record sessions as playbooks I've been using Ansible for IT automation for a while, and the process of writing imperative playbooks in something that looks closer to English I felt was a good fit to design MCP tooling around. I specifically wanted to have a process of running Ansible modules directly as tools from an LLM and record it so my exploratory sessions can become runnable playbooks. The ansible-doc command already emits the schema for each module, so tool calling is nice and structured, and it feels nice to have this available ad-hoc with all",show_hn,https://news.ycombinator.com/item?id=48614526
48614399,Rlsgate – Block the Supabase RLS leak before you deploy (CLI),show_hn,https://news.ycombinator.com/item?id=48614399
48548060,Looking for a front end dev to help me build a math website zero ai use pls,ask_hn,https://news.ycombinator.com/item?id=48548060
48592879,"Hermzner – Provisioning an Hardened Hermes Agent on Hetzner VPS Hello, I've created this project to simplify the provisioning of Hermes on Hetzner VPS. The goal is adopting good security defaults to deploy Hermes Agent on Ubuntu 24 LTS + Tailscale. I've added also backups and the optional installation of Mnemosyne as light memory provider. I'm currently working on it, any feedback is appreciated",show_hn,https://news.ycombinator.com/item?id=48592879
48564191,"Would you want to know when and how you die? If you had a time machine, and the only thing you could use it for was to go see yourself in the future die would you use it or not? Why or why not?",ask_hn,https://news.ycombinator.com/item?id=48564191
48618481,Printing Gaussian Splats,story,https://news.ycombinator.com/item?id=48618481
48538013,Do you have AI psychosis?,ask_hn,https://news.ycombinator.com/item?id=48538013
48540508,How do you handle release notes for non-technical users?,ask_hn,https://news.ycombinator.com/item?id=48540508
48604799,"Adding congestion control and retry tokens to a reliable UDP transport I've been experimenting with USTP-Secure, a reliable UDP transport I've been building. The latest version adds: Optional congestion control Retry tokens to reduce amplification risk Optional cleartext + HMAC mode (integrity without encryption) Authenticated ACK/NACK packets One design choice I'm still thinking about is congestion control for an intentionally unordered reliable transport. Unlike TCP, USTPS doesn't enforce ordered delivery at the transport layer. Missing packets can be retransmitted selectively while newer pa",ask_hn,https://news.ycombinator.com/item?id=48604799
48548883,"Reviews have become expensive, rewrites have become cheap [link redacted]",ask_hn,https://news.ycombinator.com/item?id=48548883
48559648,Is there a Vim/Emacs for video editing?,ask_hn,https://news.ycombinator.com/item?id=48559648
48586030,"Do we need GPUs for intelligence, or just for matrix multiplication? The brain runs on 20W. It doesn't do matrix math. It routes sparse signals through a graph where each node makes a local weighted decision. Intelligence emerges from the path, not from a global forward pass. GPUs were adopted for AI because matrix multiplication is embarrassingly parallel. But is matrix multiplication actually required for intelligence — or is it just the only method we've tried at scale?",ask_hn,https://news.ycombinator.com/item?id=48586030
48602732,https://bill.today –> use a local folder to do your billing,show_hn,https://news.ycombinator.com/item?id=48602732
48567611,Dev Team's Support Email Problem Is a Coordination Problem https://blog.seaticket.ai/your-dev-teams-support-email-problem-is-a-coordination-problem-c15d72997c6a,ask_hn,https://news.ycombinator.com/item?id=48567611
48619290,Don't rely on instructions; use Agent Hooks to enforce guardrails,story,https://news.ycombinator.com/item?id=48619290
48618086,100 Greatest Bird Names of All Time,story,https://news.ycombinator.com/item?id=48618086
48596545,"Developer APIs for parsing and tailoring CVS Currently, we support individual developers, and we are planning to support Teams and Organizations when we get funding. For Templates, we support specific templates for response, and we are working on supporting user templates for the preferred response of a parsed resume. The usage is being tracked, and we use API keys as an auth layer. The limits are currently guarded via token usage, and we are also planning to support BYOK model, so developers will use their keys and preferred models with small fees for service. check: https://civify.cv",ask_hn,https://news.ycombinator.com/item?id=48596545
48613130,"Botacts – Phonebook of AI Bots Most apps on your phone could be an agent you chat with or talk to. But where are they? I put together a phonebook of these AI bots. Still scraping, will add more as we go. Know one that should be listed? There's a suggest form. Stack is Astro + Cloudflare to keep it simple. Cala.ai for scraping (free credits from a hackathon)",show_hn,https://news.ycombinator.com/item?id=48613130
48614229,"Codeflowmap – map a codebase's read/write/auth data flows I've been vibe-coding tools to automate chunks of my consulting work, fell down a rabbit hole, and started building actual products. Suddenly I'm in a world of unknown-unknowns and known-unknowns. One of the bigger things to solve was understanding code the LLM generated that I didn't fully grasp. What does it touch? What reads and writes where? Is the auth path where I think it is? So I built codeflowmap. Point it at a repo and it maps the dependency and call graph, then surfaces the read / write / auth paths between files and function",show_hn,https://news.ycombinator.com/item?id=48614229
48610221,What do you do to make LLMs determine,ask_hn,https://news.ycombinator.com/item?id=48610221
48598051,Brain Frog – Can you be random enough for 11 lines of JavaScript?,show_hn,https://news.ycombinator.com/item?id=48598051
48616173,Windows UI evolution: Clicking an unassociated file,story,https://news.ycombinator.com/item?id=48616173
48589357,What is the job market like? We've all heard about layoffs; what are people's actual lived experiences when it comes to the recent changes in the job market?,ask_hn,https://news.ycombinator.com/item?id=48589357
48616622,The Scoundrel Who Steals Fruit and Apologizes Insincerely Is Having a Bad Day,story,https://news.ycombinator.com/item?id=48616622
48602191,"Fate – a joke horoscope generator utility for Linux pids Was bored and made a joke utility - a homage to the classic unix ""fortune"" command. Supplying a PID gives you a daily fortune and lucky syscalls.",show_hn,https://news.ycombinator.com/item?id=48602191
48597521,"Sideffect – Effect like syntax for Cloudflare Workflows heya HN, Sideffect is a library I built that lets you define Cloudflare Workflows as composable typed steps in a syntax similar Effect-TS. It comes with a Vite plugin that scans your code using the Typescript AST and automatically generates the Workflow bindings, env types, and wrangler config. - Workflow steps are reusable typed activities (with payload + result runtime validating schemas) - You compose them into layers with readable code (no ugly workflow entry class) - No need to manually edit wrangler.toml/jsonc for workflows - You us",show_hn,https://news.ycombinator.com/item?id=48597521
48600369,"StartupsBR – A Map of Brazilian Startups I couldn't find a simple way to explore the Brazilian startup ecosystem geographically, as I can in other places like the Bay Area or London, so I built one. The map currently includes hundreds of startups from Sao Paulo and their job opportunities. The most interesting thing I've learned so far is how clustered startup activity is in a handful of areas. I'd love to hear your thoughts. The EN version: https://www.startupsbr.com/sao-paulo",show_hn,https://news.ycombinator.com/item?id=48600369
48538114,Who do you think will win the World Championship? (Off-topic),ask_hn,https://news.ycombinator.com/item?id=48538114
48600144,"Gora – simple search across all your local coding agents Hey HN - Gora is a local cli app that indexes your chat threads across Codex, Claude Code and Pi automatically and lets you simply search across them all at once The problem I wanted to fix here for myself was that each time I directed the agent to read previous chats, it had to rediscover the folder structure and the threads stored for each coding agent. Moreover Codex and Claude Code chats disappear after a certain number of chats created locally. Many harnesses are still missing such as opencode, Amp and Gemini CLI as I rarely use the",show_hn,https://news.ycombinator.com/item?id=48600144
48615887,Explaining Kerberos from A-Z,story,https://news.ycombinator.com/item?id=48615887
48591639,Clear lang – The spec is the code,show_hn,https://news.ycombinator.com/item?id=48591639
48602376,"I built with Claude Code a bookmarks manager with a social cut Hi, I am Paolo from Italy. I have spent the last few months designing, developing and testing (my actual job is in the QA domain) a bookmarks manager platform with some help from Claude Code. The idea is to allow users to network with people with similar interests, sharing bookmarks and interesting links, libraries. The tool is free and you can try it out just entering with the guest user (no need to login or register). The guest user is created with demo bookmarks and libraries so you can look at the features. Please if you have s",show_hn,https://news.ycombinator.com/item?id=48602376
48599118,Hacker News Comments Drill Down Chrome Extension I prefer to read the HN comment threads in a drill down way instead of having all comments expanded. Also I do not enjoy the tiny (-) to collapse a thread. This extension make reading comment easier for me.,show_hn,https://news.ycombinator.com/item?id=48599118
48615879,The Midjourney Scanner,story,https://news.ycombinator.com/item?id=48615879
48553772,What's your Opinion onm he recent updates on Fable 5?,ask_hn,https://news.ycombinator.com/item?id=48553772
48548530,"Active GitHub accounts (probably) delivering malware, now what? I came across these two accounts that probably are up to no good: 1) silverstewardvice and 2) RadianFinancialHelix. Both joined and created repos the same day (Jun 7, 2026) and began their activity 2 days ago. They pretend to be projects related to the game Terraria, nothing to download in the repos but instead points to external site (https://telegra.ph) for download, both using the same URL (site/Setup-06-13-3). The telegra.ph site in turn points to https://webxpl.fun/ to ""Download from Official Website"" and to a zip-file if you",ask_hn,https://news.ycombinator.com/item?id=48548530
48617848,"Talked with the TerraSpark CEO, they are completely crazy",story,https://news.ycombinator.com/item?id=48617848
48600500,Find the right stack for your AI use case,show_hn,https://news.ycombinator.com/item?id=48600500
48618084,How LLMs Distort Our Written Language,story,https://news.ycombinator.com/item?id=48618084
48539057,"Why are Spec-kit specs like that Every spec-driven dev tool I've researched assumes an engineer writes the spec at the keyboard, as they're about to build. But that feels too late - the intent & delivery processes behind the work mean it likely got hashed out some time earlier in a doc / ticket / meeting, written into Confluence and/or Jira, losing a bit of fidelity each time, so what the engineer writes in the spec is really a copy of a copy. And where I work the non-engineers can't even get into GitHub, so a spec living next to the code isn't accessible to the product folks and designers who",ask_hn,https://news.ycombinator.com/item?id=48539057
48619100,"Refloow Photo Studio – A local, offline photo editor with on-device AI",story,https://news.ycombinator.com/item?id=48619100
48606194,Rundown - Niche Intelligence for YouTube Creators,show_hn,https://news.ycombinator.com/item?id=48606194
48608570,"TownSquare, a tiny presence layer for websites https://cauenapier.com/blog/townsquare_release/ https://cauenapier.com/blog/townsquare/",show_hn,https://news.ycombinator.com/item?id=48608570
48609200,"Macro-template, table-driven code generation for Rust",show_hn,https://news.ycombinator.com/item?id=48609200
48542064,"Hetzner increased dedicated server prices 3-4x A few months after raising prices ~30%, Hetzner has increased bare metal pricing again, this time by 3-4x: AX102: €124 -> €454 AX162 (256GB): €244 -> €844",ask_hn,https://news.ycombinator.com/item?id=48542064
48619434,Cointegration and Long-Horizon Forecasting (2025),story,https://news.ycombinator.com/item?id=48619434
48593356,Drydock – VM Sandboxes for macOS Autonomous Coding Agents,show_hn,https://news.ycombinator.com/item?id=48593356
48598408,"New anonymous-by-default social, open for public access pipoke: a social app where every single action is a signed on-chain transaction on octra. best used via chrome (desktop) and mises browser (mobile) official walkthrough: https://www.pipoke.chat/tour support help: https://discord.com/channels/1487821702028071067/1517487209102442636",ask_hn,https://news.ycombinator.com/item?id=48598408
48554072,What do people think of Apple's Siri? I'm curious of what people really think of Siri. Most of the things I've heard are pretty negative but is it just that Apple can't build a good enough assistant or is that people just don't interacting with one (in this specific way)? Would love to hear any thoughts!,ask_hn,https://news.ycombinator.com/item?id=48554072
48617094,Steve Gull's Challenge,story,https://news.ycombinator.com/item?id=48617094
48606997,"Will we start seeing tools for LLM use? Many projects and addons exists to reduce the verbosity on standard bash / git /npm etc. Commands that agents pass regularly as tools to LLMs. (eg. rtk, headroom, lean-ctx). Tool output compression does yield good token savings. Though it can lead to increased turns - effectively nullifying the per turn token savings. This is the current topology. Are we going to see a class of products and libraries that structure o/p to what models want to see?",ask_hn,https://news.ycombinator.com/item?id=48606997
48618536,I was wrong about the Midjourney ultra-sound scanner,story,https://news.ycombinator.com/item?id=48618536
48617430,The Web Is for People,story,https://news.ycombinator.com/item?id=48617430
48534205,"Tlbic: A shared prompt for humanity and the future of ASI Hello everyone, I’m sharing the 6th edition of the TLBIC (Time-Limited Local Basic Income Credit) proposal. In this version, I added a foundational “question”—a prompt addressed both to us as humans and to the AI systems that may eventually evolve toward ASI. If, in your own work or conversations with AI, you ever find a moment where such a question feels meaningful, I would be glad if it proves useful. My hope is simply that something in this document resonates with you or sparks reflection. As a reminder to myself, I intend to continu",ask_hn,https://news.ycombinator.com/item?id=48534205
48606540,"Local OCR and Image Analysis for LLMs via Apple Vision (macOS) I kept paying tokens and uploading documents to cloud APIs just to pull text out of screenshots and scanned PDFs, so I wrapped macOS's built-in Vision framework as an MCP server. Any MCP client (Claude Desktop/Code, Cursor) can call it to OCR images and PDFs, read QR/barcodes, detect faces, find document corners, and classify images — entirely on-device. Two things made it worth packaging: nothing leaves the Mac (no API keys, no network calls), and sending extracted text instead of raw page images cut tokens ~97% on the documents I",show_hn,https://news.ycombinator.com/item?id=48606540
48606908,"Passport Stamp Archive, browse real border stamps from around the world",show_hn,https://news.ycombinator.com/item?id=48606908
48590279,In-Browser FAQ LLM I am building a platform that allows users to create their own FAQ AI with their own FAQ data. It runs in a static site that can be embedded into a website. Link is to the GitHub pages site!,show_hn,https://news.ycombinator.com/item?id=48590279
48618323,Tokoscope – Automatic LLM token compression and cost monitoring in 2 lines,story,https://news.ycombinator.com/item?id=48618323
48606801,"Pytest-tia – run only the tests your Git diff affects, with receipts",show_hn,https://news.ycombinator.com/item?id=48606801
48618495,"Backporting bug fixes is dead, Project Valkey now sends in the bots",story,https://news.ycombinator.com/item?id=48618495
48564793,Low-latency NLP news pipeline written on FASM and Python,ask_hn,https://news.ycombinator.com/item?id=48564793
48613602,"Onsight: pay a local to photograph any spot in San Francisco, on demand",show_hn,https://news.ycombinator.com/item?id=48613602
48618455,Anthropic to Require ID Verification for Certain Capabilities Starting July 8,story,https://news.ycombinator.com/item?id=48618455
48599768,Claude Code for talking to potential customers,show_hn,https://news.ycombinator.com/item?id=48599768
48615798,What are your Favorite Lobste.rs Comments?,story,https://news.ycombinator.com/item?id=48615798
48600733,"Ways Of Working (WOW) - seeking tips for teamwork https://github.com/ways-of-working/ways-of-working I'm seeking your help please for suggesting ideas, articles, tactics, and the like for improving ways of working - especially if you have experience and opinions.",show_hn,https://news.ycombinator.com/item?id=48600733
48585308,"Whats the best and small open source model? I'm building a project for my company and they want to use a local model (100b max size). I think i tried all the models, the problem is that do not give a good answer even tho i gave them everything they need in terms of context to tackle any question.",ask_hn,https://news.ycombinator.com/item?id=48585308
48591866,"I built a free API cost calculator after a $340 surprise invoice I was building a small LLM-powered side project and forgot to account for my system prompt tokens. 800 tokens × 2,000 requests/day × input token rate = $340 invoice I wasn't expecting. Built APICalculators to avoid doing this math in spreadsheets every time. It now covers 16 calculators: LLM APIs (GPT-4o, Claude, Gemini), vector databases (Pinecone, Qdrant, Supabase), serverless (Lambda, Cloudflare Workers), auth providers (Clerk, Auth0), payment processors (Stripe vs Paddle), and cloud VPS comparison. Everything runs in the brow",show_hn,https://news.ycombinator.com/item?id=48591866
48548514,"How long have you been looking for a job? For me personally, I was laid off around a year and 3 months ago. I've gotten many interviews but no success. Just wondering how it's going for others. For context I'm a software engineer (unexpected, I know).",ask_hn,https://news.ycombinator.com/item?id=48548514
48588831,"I'm lost. How can I define ICP (Ideal Customer Profile)? I successfully completed a pilot with a customer in niche industry. But it’s difficult for me to reach out to other customers. In the meantime, we had inbound customers for our horizontal approach until we lost some SEO keywords. Many mentors and investors recommended us to focus on narrow ICP, but it hasn’t worked for us yet while losing the organic traffic because of the tries. What should I do? Should I rollback? I’m lost and frustrated.",ask_hn,https://news.ycombinator.com/item?id=48588831
48619088,The New Cloud in the Stochastic CPU Era,story,https://news.ycombinator.com/item?id=48619088
48583012,"Perfect code, zero ROI: How do you fix ""conceptual bugs""? When outsourcing AI, building the wrong thing is worse than writing bad code. How do you keep remote developers aligned with your business goals?",ask_hn,https://news.ycombinator.com/item?id=48583012
48607248,"Chrome Extension – Donor Metrics Checker with Recommendations The extension parses all links on a given webpage or analyzes the current domain to provide an instant breakdown of essential SEO metrics, such as DR, DA, and Majestic. It also gives recommendations on whether it's worth using the donor for link placement.",show_hn,https://news.ycombinator.com/item?id=48607248
48617782,The case against geometric algebra (2024),story,https://news.ycombinator.com/item?id=48617782
48613944,"What are your parameter count estimates for Opus 4.8 and GPT-5.5? I know frontier labs keep their flagship sizes top secret, but I'm curious what the current engineering consensus is.",ask_hn,https://news.ycombinator.com/item?id=48613944
48577739,What AI memory system or workflow are you working on? What's your workflow looking like?,ask_hn,https://news.ycombinator.com/item?id=48577739
48570641,"Struggling for My Startup Hi, just call me alessandro for now. i never used hacker news. or twitter to write about thing. But im genuinely struggling for my startup. I have many products in line but focused on few. At this point im just self funded and delusional. If i ever to make a new social media then yea i can create a platform in few week with or without ai, everyone can do that. In this pov, if im mark then I need eduardo. or if i were to create something like apple then i can be wozniak then i need steve. Either way, i do need someone whos actually sees what im trying to do, understand",ask_hn,https://news.ycombinator.com/item?id=48570641
48595125,"Foldkit vs. React, the same pixel art editor implemented in both Hi HN, I'm the creator of Foldkit, a TypeScript framework built on Effect and inspired by the Elm Architecture. This page compares the same pixel art editor implemented in React and Foldkit side-by-side. Rather than focusing on benchmarks or isolated examples, I wanted to compare what building and maintaining the same application feels like in each architecture. The comparison includes state management, UI, async operations, side effects, application structure, and testing.",show_hn,https://news.ycombinator.com/item?id=48595125
48597861,"None-US Claude users: beware if used Fable – account suspension experience On Wednesday June 17 I woke up at 6:48 AM (Eastern) local time to an email from Anthropic with the subject: “Your account has been suspended.” It basically says an internal investigation of “suspicious signals” indicates I may be in violation of a supported country policy, and that they revoked my access to Claude. It was followed by two more emails at the exact same time, stating the same thing. I was refunded too: two refunds (one for credits, one for my monthly membership). For context, I’ve been a Claude member for",ask_hn,https://news.ycombinator.com/item?id=48597861
48538711,"Did you try Claude's ""Fable 5"" model before it was pulled? I did. And it got me thinking. For those delivering customer-facing digital products and systems—especially in companies where slow go-to-market speed can have real impact—being able to ship new products, patches, and resolve support issues faster than competitors is a clear advantage. We often hear that time is of the essence. Time to market can be the difference between a customer choosing your digital product over a competitor’s. Here’s a further question: If go-to-market time is reduced, will LLM search prioritise speed when it eva",ask_hn,https://news.ycombinator.com/item?id=48538711
48616325,"Psychological warfare was once an afterthought, its now the primary battleground",story,https://news.ycombinator.com/item?id=48616325
48618379,How the social media ban could reshape how all of us use the internet,story,https://news.ycombinator.com/item?id=48618379
48618362,Future of Programming? With AI writing most of the code how does the future of programming looks like?,ask_hn,https://news.ycombinator.com/item?id=48618362
48576393,"What models are powering your product's AI features? Not coding assistants or agents, and not things that obviously would just use the latest frontier model like really hard work. I'm talking about the daily AI features users interact with directly: generating content, rewriting things, recommendations, workflow helpers, contextual suggestions, etc. For my app I mostly use Gemini Flash via OpenRouter because the workloads are fairly structured. It works well enough, but there are now dozens of models available and I'm not sure how most teams are evaluating them. Are people building proper eval",ask_hn,https://news.ycombinator.com/item?id=48576393
48590971,"I built a ""living proof-of-work"" profile for builders",show_hn,https://news.ycombinator.com/item?id=48590971
48616239,"Pyor – A desktop PR reviewer for the diffs GitHub chokes on Show HN: Pyor - A better alternative to Github for reviewing PRs since the introduction of AI, the bottleneck for shipping code shifted from producing code to reviewing it, and the PR reviewing experience on Github is lackluster, leaving a lot to be desired. my team now ships too much code and it sits in review for too long, review AI code is not easy and we need a better tool to review code, especially on large PRs. So I built Pyor, a website and a performant desktop app to review code at least 3x faster compared to Github (from expe",show_hn,https://news.ycombinator.com/item?id=48616239
48616308,Bab: A hash function for content-addressable storage,story,https://news.ycombinator.com/item?id=48616308
48617442,The Grammar of Coding Agents,story,https://news.ycombinator.com/item?id=48617442
48616924,The Serpent in the Grove,story,https://news.ycombinator.com/item?id=48616924
48566316,"Just scammed for $5207.11 by ""10-4 by WEX"" (Mercury Personal) Just curious whether anyone's seen this scam? 10-4 by WEX is a diesel rewards program for truckers in the USA which is likely usually considered a low-risk merchant. This was with a Mercury personal debit. The physical card has been with me nonstop and it's also on my Apple wallet. The charges happened on June 15. I have been in the UK since May 17. And now for the reason I am actually asking HN: Any idea what this could have been? Maybe a card skimmer? I bought fuel at Tesco and Shell (likely low-risk). Obviously cancelled the card",ask_hn,https://news.ycombinator.com/item?id=48566316
48618488,Teach your kids absolute (perfect) pitch,show_hn,https://news.ycombinator.com/item?id=48618488
48619147,Daily_stock_analysis: LLM-powered multi-market stock analysis system,story,https://news.ycombinator.com/item?id=48619147
48539681,"Are we asking the right questions? As AI advancements continue at a pace I believed to be unsustainable up until not long ago, I see folks in the tech industry falling in one of these two groups: - hypers, extremely happy to see ""reasoning"" becoming a commodity and thinking that they'll finally be able to heal their inferiority complex - detractors, trying to cope with the current situation by highlighting the limitation of AI There's many sub categories of course, but those are the main ones I notice. What I can't understand is why the discussion doesn't go deeper. We don't need AI to be that",ask_hn,https://news.ycombinator.com/item?id=48539681
48617625,Dialog Society: Ezra Klein Comments,story,https://news.ycombinator.com/item?id=48617625
48564757,"How likely is it that SpaceX buys OpenAI? Given their inflated value, they could easily float this idea and the stock is gonna go bonkers!! It might turn out a good exit for OpenAI too.",ask_hn,https://news.ycombinator.com/item?id=48564757
48618565,Apple Internals: Swift in the Kernel,story,https://news.ycombinator.com/item?id=48618565
48615939,FFmpegKit NDK r26c patch and maintained Android fork,story,https://news.ycombinator.com/item?id=48615939
48618501,Why the Cookbook Endures,story,https://news.ycombinator.com/item?id=48618501
48614868,"Cc-fleet – run other LLMs as Claude Code workers, your sub drives",show_hn,https://news.ycombinator.com/item?id=48614868
48615924,How do we prevent Bitrot?,story,https://news.ycombinator.com/item?id=48615924
48616807,Selling my multi-tenant dental SaaS codebase (Vue/Node/PostgreSQL),story,https://news.ycombinator.com/item?id=48616807
48533067,"Is anyone growing further from capitalism? Long story short, I used to be excited about the possibility of building something and earning significant money from it. I used to think a couple people making a couple million or even up to a billion is cool in some way. Building a startup seemed like a vehicle of social mobility. 2 or 3 million dollars is about the range where I can buy a really nice house, set up a basic farm and my to-be-born kids could choose education paths based solely on their interests. That's a lot more money than I or my parents ever had, but I honestly don't want more. If",ask_hn,https://news.ycombinator.com/item?id=48533067
48595587,"Is Google's AI Mode and AI summaries now gone for everyone in EU? It was there yesterday, I believe. VPN'ed into USA, and it comes back. I assume it's related to the recent EU decision making Google responsible for AI quote accuracy?",ask_hn,https://news.ycombinator.com/item?id=48595587
48616247,Europeans should learn to love the air conditioner,story,https://news.ycombinator.com/item?id=48616247
48582803,Tools for checking traffic of website subpages I want to check the traffic and traffic sources of subdomains on various platforms. Are there any reliable tools besides Semrush and SimilarWeb?,ask_hn,https://news.ycombinator.com/item?id=48582803
48574862,UK government built an AI tool to digitise historic planning records A few useful links: - https://mhclgdigital.blog.gov.uk/2025/06/12/extract-using-ai-to-unlock-historic-planning-data/ - https://github.com/digital-land/digital-land/issues/360 - https://ai.gov.uk/evaluations/extract-evaluation/,ask_hn,https://news.ycombinator.com/item?id=48574862
48617640,"Didon – AI workday reports for productivity analysis As an indie engineer, I wanted some real feedback on my productivity, like having an actual external boss. I tried using time trackers (even a physical timer), but they weren't good at tracking everything. So I built Didon, an AI time tracker that watches the screen periodically and generates work logs, then summarizes them into your workday report.",show_hn,https://news.ycombinator.com/item?id=48617640
48616286,Moving beyond fiat-based: A tensor-network model for resource-abundance,story,https://news.ycombinator.com/item?id=48616286
48591061,AutomateOrNot – decide if you should automate a test,show_hn,https://news.ycombinator.com/item?id=48591061
48616515,Do MCP's use more tokens than CLI's?,story,https://news.ycombinator.com/item?id=48616515
48616864,Open Ralph Wiggum – Autonomous Agentic Loop,story,https://news.ycombinator.com/item?id=48616864
48589748,Agirails – Two AI agents negotiated and settled USDC payment over email,show_hn,https://news.ycombinator.com/item?id=48589748
48616077,Ethereum: Still Chasing Sovereignty,story,https://news.ycombinator.com/item?id=48616077
48608707,Zero-config session-taste packer for AI agents,show_hn,https://news.ycombinator.com/item?id=48608707
48616779,The Expressive Power of Programming Languages (2019),story,https://news.ycombinator.com/item?id=48616779
48616865,Maco – Let your agent rg a filesystem of MCP tools and run them as code,story,https://news.ycombinator.com/item?id=48616865
48614286,Agentic coding workflows built on Git worktrees and task evidence,show_hn,https://news.ycombinator.com/item?id=48614286
48609838,I mapped every privacy claim in my messenger to its source code,show_hn,https://news.ycombinator.com/item?id=48609838
48619310,Scion: A next-generation inter-domain routing architecture,story,https://news.ycombinator.com/item?id=48619310
48611785,"An n8n alternative where coding agents build the workflows, not humans n8n is built for humans dragging nodes on a canvas. That breaks down at B2B scale (embedding in a product, multi-tenant scalability, etc). n8n does have an MCP server so agents can create workflows too, but it outputs raw JSON. That's fine for n8n's engine, but painful for a coding agent (or a human reviewing its output) to read, write, diff, or debug. I'm building an alternative where workflows are authored by a coding agent in [a more dev-legible format] instead of JSON blobs, and execute it at scale.",show_hn,https://news.ycombinator.com/item?id=48611785
48611389,A News Data Visualizer Visualization of news stories across various outlets. It links to a recent senate case because that's a good representation. No company behind this just for fun.,show_hn,https://news.ycombinator.com/item?id=48611389
